,Page_total_likes,Category,Post_Month,Post_Weekday,Post_Hour,Paid,Lifetime_Post_Total_Reach,Lifetime_Post_Total_Impressions,Lifetime_Engaged_Users,Lifetime_Post_Consumers,Lifetime_Post_Consumptions,Lifetime_Post_Impressions_by_people_who_have_liked_your_Page,Lifetime_Post_reach_by_people_who_like_your_Page,Lifetime_People_who_have_liked_your_Page_and_engaged_with_your_post,comment,like,share,Total_Interactions
count,500.0,500.0,500.0,500.0,500.0,499.0,500.0,500.0,500.0,500.0,500.0,500.0,500.0,500.0,500.0,499.0,496.0,500.0
mean,123194.176,1.88,7.038,4.15,7.84,0.2785571142284569,13903.36,29585.948,920.344,798.772,1415.13,16766.376,6585.488,609.986,7.482,177.94589178356713,27.266129032258064,212.12
std,16272.813214464477,0.8526746790050889,3.3079360455975397,2.0307012323308324,4.368588918435395,0.4487388868806484,22740.787889562573,76803.24666965123,985.0166360069362,882.5050131372763,2000.5941184441942,59791.02373072534,7682.009405283343,612.7256181769624,21.18090975089953,323.3987415906344,42.61329215892268,380.23311803168355
min,81370.0,1.0,1.0,1.0,1.0,0.0,238.0,570.0,9.0,9.0,9.0,567.0,236.0,9.0,0.0,0.0,0.0,0.0
25%,112676.0,1.0,4.0,2.0,3.0,0.0,3315.0,5694.75,393.75,332.5,509.25,3969.75,2181.5,291.0,1.0,56.5,10.0,71.0
50%,129600.0,2.0,7.0,4.0,9.0,0.0,5281.0,9051.0,625.5,551.5,851.0,6255.5,3417.0,412.0,3.0,101.0,19.0,123.5
75%,136393.0,3.0,10.0,6.0,11.0,1.0,13168.0,22085.5,1062.0,955.5,1463.0,14860.5,7989.0,656.25,7.0,187.5,32.25,228.5
max,139441.0,3.0,12.0,7.0,23.0,1.0,180480.0,1110282.0,11452.0,11328.0,19779.0,1107833.0,51456.0,4376.0,372.0,5172.0,790.0,6334.0
